7607.1796875,6391.9228515625,32.8205032349,234.8717803955,6453.3334960938
-8.96e-06,262.5640869141,16.5384521484,4201.0258789062,14.8717861176
65.6410140991,527.5640869141,-8.96e-06,-8.96e-06,-8.96e-06
7648.205078125,6375.5126953125,32.8205032349,364.1025695801,6576.41015625
-8.96e-06,262.5640869141,15.6410169601,4201.0258789062,19.4871711731
65.6410140991,4203.8461914062,-8.96e-06,-8.96e-06,-8.96e-06
7761.0258789062,6383.7177734375,32.8205032349,56.4102478027,6453.3334960938
-8.96e-06,262.5640869141,15.6410169601,4201.0258789062,13.8461446762
65.6410140991,7354.1025390625,-8.96e-06,-8.96e-06,-8.96e-06
7672.8203125,6383.7177734375,32.8205032349,3.076914072,5944.615234375
-8.96e-06,262.5640869141,6314.615234375,4201.0258789062,14.8717861176
65.6410140991,4202.8203125,-8.96e-06,-8.96e-06,-8.96e-06
7896.41015625,6375.5126953125,32.8205032349,185.6410217285,6297.4360351562
-8.96e-06,262.5640869141,2113.205078125,4201.0258789062,8.205119133
65.6410140991,1577.0512695312,-8.96e-06,-8.96e-06,-8.96e-06
7598.974609375,6391.9228515625,32.8205032349,8396.794921875,5870.7690429688
-8.96e-06,262.5640869141,11.7948627472,4201.0258789062,-8.96e-06
65.6410140991,526.5384521484,-8.96e-06,-8.96e-06,-8.96e-06
7890.2563476562,6383.7177734375,32.8205032349,199.9999847412,5575.384765625
-8.96e-06,262.5640869141,10.5128116608,4168.205078125,31.7948627472
65.6410140991,4202.0512695312,-8.96e-06,-8.96e-06,-8.96e-06
7402.0512695312,6367.3076171875,32.8205032349,173.3333282471,4812.3076171875
-8.96e-06,262.5640869141,4211.41015625,4168.205078125,18.9743499756
65.6410140991,3151.6667480469,-8.96e-06,-8.96e-06,-8.96e-06
6887.1796875,6367.3076171875,32.8205032349,35.8974266052,3852.3076171875
-8.96e-06,262.5640869141,4211.9228515625,4201.0258789062,3.5897345543
65.6410140991,1.0256320238,-8.96e-06,-8.96e-06,-8.96e-06
6692.3076171875,2256.2819824219,32.8205032349,8335.2568359375,3671.794921875
-8.96e-06,262.5640869141,2111.9230957031,4201.0258789062,-8.96e-06
65.6410140991,5252.1796875,-8.96e-06,-8.96e-06,-8.96e-06
6255.384765625,2182.4357910156,32.8205032349,8240.8974609375,1620.5128173828
-8.96e-06,262.5640869141,4212.4360351562,4201.0258789062,2.0512731075
65.6410140991,3677.1794433594,-8.96e-06,-8.96e-06,-8.96e-06
6263.58984375,4840.8974609375,32.8205032349,132.3076782227,2391.794921875
-8.96e-06,262.5640869141,4210.5126953125,4168.205078125,13.3333244324
65.6410140991,2101.1538085938,-8.96e-06,-8.96e-06,-8.96e-06
6323.0771484375,6375.5126953125,32.8205032349,111.7948608398,1956.9230957031
-8.96e-06,262.5640869141,2110.3845214844,4168.205078125,5.6410164833
65.6410140991,3151.6667480469,-8.96e-06,-8.96e-06,-8.96e-06
6255.384765625,6391.9228515625,32.8205032349,8380.384765625,1825.6409912109
-8.96e-06,262.5640869141,2109.3588867188,4168.205078125,6.153837204
65.6410140991,7877.4360351562,-8.96e-06,-8.96e-06,-8.96e-06
6173.3334960938,6375.5126953125,32.8205032349,97.4358901978,1013.3333129883
-8.96e-06,262.5640869141,2109.3588867188,4168.205078125,1.5384526253
65.6410140991,7352.1796875,-8.96e-06,-8.96e-06,-8.96e-06
6058.4614257812,6391.9228515625,32.8205032349,74.8717880249,1062.5640869141
-8.96e-06,262.5640869141,2108.3332519531,4168.205078125,9.2307605743
65.6410140991,5251.41015625,-8.96e-06,-8.96e-06,-8.96e-06
5861.5385742188,16.4102478027,32.8205032349,8380.384765625,939.4871826172
-8.96e-06,262.5640869141,7.6922988892,4168.205078125,9.2307605743
65.6410140991,7877.0512695312,-8.96e-06,-8.96e-06,-8.96e-06
5763.0771484375,16.4102478027,32.8205032349,74.8717880249,8086.0258789062
-8.96e-06,262.5640869141,4209.4873046875,4168.205078125,4.6153755188
65.6410140991,3676.1538085938,-8.96e-06,-8.96e-06,-8.96e-06
5781.5385742188,16.4102478027,32.8205032349,8374.23046875,7314.7436523438
-8.96e-06,262.5640869141,7.3076834679,4135.384765625,26.6666584015
32.8205032349,1082.8205566406,-8.96e-06,-8.96e-06,-8.96e-06
5416.41015625,-8.96e-06,32.8205032349,165.1281890869,6609.1025390625
-8.96e-06,262.5640869141,2107.1794433594,4135.384765625,17.9487094879
65.6410140991,3675.8974609375,-8.96e-06,-8.96e-06,-8.96e-06
5527.1796875,24.6153755188,32.8205032349,109.7435836792,7536.2822265625
-8.96e-06,262.5640869141,5.6410164833,4135.384765625,7.1794781685
32.8205032349,2658.205078125,-8.96e-06,-8.96e-06,-8.96e-06
4944.615234375,16.4102478027,32.8205032349,185.6410217285,5673.7177734375
-8.96e-06,262.5640869141,6309.7436523438,4135.384765625,15.8974266052
65.6410140991,1575.3846435547,-8.96e-06,-8.96e-06,-8.96e-06
4983.58984375,16.4102478027,32.8205032349,187.6923065186,5427.5639648438
-8.96e-06,262.5640869141,2108.8461914062,4135.384765625,17.4358882904
32.8205032349,4233.4614257812,-8.96e-06,-8.96e-06,-8.96e-06
4694.3588867188,24.6153755188,32.8205032349,8374.23046875,4131.1538085938
-8.96e-06,262.5640869141,4209.615234375,4168.205078125,2.5640935898
32.8205032349,4758.58984375,-8.96e-06,-8.96e-06,-8.96e-06
4579.4873046875,-8.96e-06,32.8205032349,46.1538391113,2925.0
-8.96e-06,262.5640869141,7.6922988892,4135.384765625,20.5128116608
32.8205032349,5283.4614257812,-8.96e-06,-8.96e-06,-8.96e-06
4132.3076171875,8.205119133,32.8205032349,325.1282043457,3310.6411132812
-8.96e-06,262.5640869141,6308.0771484375,4135.384765625,16.4102478027
32.8205032349,2132.3076171875,-8.96e-06,-8.96e-06,-8.96e-06
3902.5642089844,-8.96e-06,32.8205032349,70.7692184448,561.9230957031
-8.96e-06,262.5640869141,4.3589653969,4135.384765625,0.5128115416
32.8205032349,2132.0512695312,-8.96e-06,-8.96e-06,-8.96e-06
4003.0769042969,8.205119133,32.8205032349,152.8205108643,939.3589477539
-8.96e-06,262.5640869141,4204.8715820312,4135.384765625,3.076914072
32.8205032349,1081.5384521484,-8.96e-06,-8.96e-06,-8.96e-06
4029.7436523438,8.205119133,32.8205032349,253.3333282471,832.6923217773
-8.96e-06,262.5640869141,4205.1284179688,4135.384765625,8.7179393768
32.8205032349,5807.9487304688,-8.96e-06,-8.96e-06,-8.96e-06
4464.615234375,-8.96e-06,32.8205032349,156.9230651855,709.6153564453
-8.96e-06,262.5640869141,2104.1025390625,4102.5639648438,32.3076820374
32.8205032349,4232.1796875,-8.96e-06,-8.96e-06,-8.96e-06
3863.58984375,24.6153755188,32.8205032349,138.4615325928,332.179473877
-8.96e-06,262.5640869141,6305.0,4135.384765625,4.102555275
32.8205032349,2656.9230957031,-8.96e-06,-8.96e-06,-8.96e-06
3951.794921875,16.4102478027,32.8205032349,218.4615325928,816.282043457
-8.96e-06,262.5640869141,2103.9743652344,4135.384765625,1.5384526253
32.8205032349,2131.6667480469,-8.96e-06,-8.96e-06,-8.96e-06
3726.1538085938,-8.96e-06,32.8205032349,261.5384521484,8208.974609375
-8.96e-06,262.5640869141,2.6922986507,4102.5639648438,18.4615287781
32.8205032349,1606.6666259766,-8.96e-06,-8.96e-06,-8.96e-06
3551.794921875,8.205119133,32.8205032349,228.7179412842,8241.794921875
-8.96e-06,262.5640869141,6304.3588867188,4102.5639648438,16.4102478027
32.8205032349,31.153837204,-8.96e-06,-8.96e-06,-8.96e-06
3785.6411132812,24.6153755188,32.8205032349,23.5897350311,1103.4615478516
-8.96e-06,262.5640869141,2103.4614257812,4102.5639648438,23.0769138336
32.8205032349,7908.0771484375,-8.96e-06,-8.96e-06,-8.96e-06
3365.1281738281,-8.96e-06,32.8205032349,167.179473877,8315.640625
-8.96e-06,262.5640869141,3.076914072,4102.5639648438,1.0256320238
32.8205032349,556.282043457,-8.96e-06,-8.96e-06,-8.96e-06
3504.6154785156,8.205119133,32.8205032349,243.0769195557,7774.1025390625
-8.96e-06,262.5640869141,6305.1284179688,4102.5639648438,10.7692222595
32.8205032349,5807.6923828125,-8.96e-06,-8.96e-06,-8.96e-06
3369.2307128906,-8.96e-06,32.8205032349,232.8205108643,6526.9228515625
-8.96e-06,262.5640869141,4203.205078125,4069.7436523438,19.4871711731
32.8205032349,556.0256347656,-8.96e-06,-8.96e-06,-8.96e-06
3315.8974609375,16.4102478027,32.8205032349,280.0,6051.0258789062
-8.96e-06,262.5640869141,1.153837204,4069.7436523438,6.6666579247
32.8205032349,4231.6665039062,-8.96e-06,-8.96e-06,-8.96e-06
3184.6154785156,16.4102478027,32.8205032349,130.2564086914,6116.6665039062
-8.96e-06,262.5640869141,2101.41015625,4069.7436523438,9.7435808182
32.8205032349,1605.8974609375,-8.96e-06,-8.96e-06,-8.96e-06
3416.41015625,6367.3076171875,32.8205032349,126.1538391113,6010.0
-8.96e-06,262.5640869141,4202.5639648438,4069.7436523438,9.7435808182
32.8205032349,7382.3076171875,-8.96e-06,-8.96e-06,-8.96e-06
3080.0,2231.6667480469,32.8205032349,144.6153717041,6346.41015625
-8.96e-06,262.5640869141,1.4102474451,4069.7436523438,1.0256320238
32.8205032349,7907.3076171875,-8.96e-06,-8.96e-06,-8.96e-06
3067.6923828125,2346.5385742188,32.8205032349,409.2307739258,6371.0258789062
-8.96e-06,262.5640869141,1.0256320238,4036.9230957031,23.0769138336
32.8205032349,1080.7691650391,-8.96e-06,-8.96e-06,-8.96e-06
2796.9230957031,4914.7436523438,32.8205032349,173.3333282471,5255.1284179688
-8.96e-06,262.5640869141,4202.8203125,4036.9230957031,24.6153755188
32.8205032349,7382.0512695312,-8.96e-06,-8.96e-06,-8.96e-06
2604.1025390625,6383.7177734375,32.8205032349,140.5128173828,4976.1538085938
-8.96e-06,262.5640869141,6301.9228515625,4036.9230957031,21.5384521484
32.8205032349,7907.1796875,-8.96e-06,-8.96e-06,-8.96e-06
2899.4870605469,6383.7177734375,32.8205032349,382.5640869141,4894.1025390625
-8.96e-06,262.5640869141,1.4102474451,4069.7436523438,1.5384526253
32.8205032349,6857.0512695312,-8.96e-06,-8.96e-06,-8.96e-06
3094.3588867188,6383.7177734375,32.8205032349,8382.435546875,4820.2563476562
-8.96e-06,262.5640869141,2100.8974609375,4036.9230957031,13.8461446762
32.8205032349,30.256401062,-8.96e-06,-8.96e-06,-8.96e-06
2571.2819824219,6375.5126953125,32.8205032349,140.5128173828,3006.9230957031
-8.96e-06,229.7435760498,6334.2309570312,4036.9230957031,17.9487094879
32.8205032349,555.1281738281,-8.96e-06,-8.96e-06,-8.96e-06
2733.3332519531,6391.9228515625,32.8205032349,8382.435546875,3277.6923828125
-8.96e-06,262.5640869141,-8.96e-06,4036.9230957031,9.7435808182
32.8205032349,7381.794921875,-8.96e-06,-8.96e-06,-8.96e-06
2413.3332519531,6367.3076171875,32.8205032349,222.5640869141,2022.3077392578
-8.96e-06,229.7435760498,6334.2309570312,4004.1025390625,27.6922988892
32.8205032349,7381.5385742188,-8.96e-06,-8.96e-06,-8.96e-06
2513.8461914062,6383.7177734375,32.8205032349,5.1281962395,2727.9487304688
-8.96e-06,229.7435760498,32.3076820374,4004.1025390625,18.4615287781
32.8205032349,2130.5126953125,-8.96e-06,-8.96e-06,-8.96e-06
2891.2819824219,6383.7177734375,32.8205032349,222.5640869141,2457.1794433594
-8.96e-06,229.7435760498,31.0256328583,4004.1025390625,18.4615287781
32.8205032349,3180.2563476562,-8.96e-06,-8.96e-06,-8.96e-06
2450.2563476562,6367.3076171875,32.8205032349,103.5897369385,2875.6411132812
-8.96e-06,229.7435760498,4231.0258789062,4004.1025390625,16.4102478027
32.8205032349,4230.384765625,-8.96e-06,-8.96e-06,-8.96e-06
2616.41015625,6367.3076171875,32.8205032349,197.94871521,102.3076858521
-8.96e-06,229.7435760498,30.6410160065,4004.1025390625,1.5384526253
32.8205032349,554.3589477539,-8.96e-06,-8.96e-06,-8.96e-06
2142.5642089844,6367.3076171875,32.8205032349,185.6410217285,184.3589630127
-8.96e-06,229.7435760498,2130.3845214844,3971.2819824219,15.3846063614
32.8205032349,2654.8718261719,-8.96e-06,-8.96e-06,-8.96e-06
1640.0,6367.3076171875,32.8205032349,226.6666564941,6904.2309570312
-8.96e-06,229.7435760498,28.8461456299,3971.2819824219,6.153837204
32.8205032349,554.1025390625,-8.96e-06,-8.96e-06,-8.96e-06
2161.0256347656,6367.3076171875,32.8205032349,210.2564086914,7199.615234375
-8.96e-06,229.7435760498,4230.0,3971.2819824219,3.5897345543
32.8205032349,29.1025543213,-8.96e-06,-8.96e-06,-8.96e-06
1869.7435302734,6375.5126953125,32.8205032349,115.8974304199,6731.9228515625
-8.96e-06,229.7435760498,6329.7436523438,3938.4614257812,13.3333244324
32.8205032349,7380.2563476562,-8.96e-06,-8.96e-06,-8.96e-06
2081.0256347656,6375.5126953125,32.8205032349,267.6922912598,6879.615234375
-8.96e-06,229.7435760498,6329.3588867188,3938.4614257812,11.2820425034
32.8205032349,6855.1284179688,-8.96e-06,-8.96e-06,-8.96e-06
1949.7435302734,6375.5126953125,32.8205032349,103.5897369385,6305.2563476562
-8.96e-06,229.7435760498,27.8205032349,3938.4614257812,6.6666579247
32.8205032349,7380.2563476562,-8.96e-06,-8.96e-06,-8.96e-06
1738.4615478516,6383.7177734375,32.8205032349,11.2820425034,6190.384765625
-8.96e-06,229.7435760498,4226.794921875,3905.6411132812,18.4615287781
32.8205032349,4229.2309570312,-8.96e-06,-8.96e-06,-8.96e-06
1598.9743652344,6367.3076171875,32.8205032349,165.1281890869,4344.2309570312
-8.96e-06,229.7435760498,4227.4360351562,3905.6411132812,25.6410160065
32.8205032349,5279.2309570312,-8.96e-06,-8.96e-06,-8.96e-06
1555.8974609375,6367.3076171875,32.8205032349,187.6923065186,4746.2822265625
-8.96e-06,229.7435760498,2126.2819824219,3905.6411132812,21.0256328583
32.8205032349,1078.3333740234,-8.96e-06,-8.96e-06,-8.96e-06
1484.1025390625,6375.5126953125,32.8205032349,115.8974304199,3810.8974609375
-8.96e-06,229.7435760498,6326.0258789062,3872.8205566406,27.6922988892
32.8205032349,3178.4614257812,-8.96e-06,-8.96e-06,-8.96e-06
1547.6922607422,6367.3076171875,32.8205032349,83.0769119263,3187.3076171875
-8.96e-06,229.7435760498,2125.0,3872.8205566406,25.1281967163
32.8205032349,1603.205078125,-8.96e-06,-8.96e-06,-8.96e-06
1324.1025390625,6391.9228515625,32.8205032349,3.076914072,2752.4357910156
-8.96e-06,229.7435760498,6324.7436523438,3872.8205566406,12.307682991
32.8205032349,2128.0769042969,-8.96e-06,-8.96e-06,-8.96e-06
1194.8718261719,6367.3076171875,32.8205032349,236.9230651855,1373.9743652344
-8.96e-06,229.7435760498,22.5640945435,3840.0,27.1794776917
32.8205032349,4228.3334960938,-8.96e-06,-8.96e-06,-8.96e-06
1045.1281738281,6391.9228515625,32.8205032349,306.6666564941,1415.0
-8.96e-06,229.7435760498,2121.794921875,3840.0,24.6153755188
32.8205032349,2652.8205566406,-8.96e-06,-8.96e-06,-8.96e-06
1135.3846435547,6367.3076171875,32.8205032349,238.9743499756,8003.58984375
-8.96e-06,229.7435760498,21.153837204,3840.0,11.2820425034
32.8205032349,2127.5642089844,-8.96e-06,-8.96e-06,-8.96e-06
723.0769042969,6391.9228515625,32.8205032349,247.179473877,6715.384765625
-8.96e-06,229.7435760498,4221.2822265625,3807.1794433594,28.2051200867
32.8205032349,7903.8461914062,-8.96e-06,-8.96e-06,-8.96e-06
669.7435913086,6367.3076171875,32.8205032349,122.0512695312,11.9230680466
-8.96e-06,229.7435760498,4220.5126953125,3807.1794433594,8.205119133
32.8205032349,1602.1794433594,-8.96e-06,-8.96e-06,-8.96e-06
507.6922912598,6367.3076171875,32.8205032349,277.9486999512,6608.7177734375
-8.96e-06,229.7435760498,18.9743499756,3774.3588867188,21.5384521484
32.8205032349,5803.0771484375,-8.96e-06,-8.96e-06,-8.96e-06
556.9230957031,6391.9228515625,32.8205032349,46.1538391113,4565.6411132812
-8.96e-06,229.7435760498,4219.7436523438,3774.3588867188,29.7435798645
32.8205032349,2127.0512695312,-8.96e-06,-8.96e-06,-8.96e-06
583.5897216797,4791.6665039062,32.8205032349,31.7948627472,4106.1538085938
-8.96e-06,229.7435760498,6318.8461914062,3774.3588867188,24.1025543213
32.8205032349,2651.9230957031,-8.96e-06,-8.96e-06,-8.96e-06
725.1281738281,910.6409912109,32.8205032349,99.4871673584,4204.615234375
-8.96e-06,229.7435760498,6319.1025390625,3774.3588867188,31.2820415497
32.8205032349,551.6666870117,-8.96e-06,-8.96e-06,-8.96e-06
1000.0,6695.2563476562,32.8205032349,68.7179412842,5304.1025390625
-8.96e-06,229.7435760498,2118.205078125,3807.1794433594,1.5384526253
32.8205032349,551.5384521484,-8.96e-06,-8.96e-06,-8.96e-06
563.0769042969,6383.7177734375,32.8205032349,191.7948608398,4097.9487304688
-8.96e-06,229.7435760498,6318.0771484375,3774.3588867188,13.8461446762
32.8205032349,2126.9230957031,-8.96e-06,-8.96e-06,-8.96e-06
774.3589477539,6375.5126953125,32.8205032349,179.4871673584,3006.6667480469
-8.96e-06,229.7435760498,6319.3588867188,3774.3588867188,9.7435808182
32.8205032349,5277.8203125,-8.96e-06,-8.96e-06,-8.96e-06
554.8717651367,6367.3076171875,32.8205032349,199.9999847412,1989.2307128906
-8.96e-06,229.7435760498,4217.3076171875,3741.5385742188,27.1794776917
32.8205032349,6852.8203125,-8.96e-06,-8.96e-06,-8.96e-06
563.0769042969,6375.5126953125,32.8205032349,191.7948608398,7773.7177734375
-8.96e-06,229.7435760498,2116.41015625,3741.5385742188,26.6666584015
32.8205032349,26.153837204,-8.96e-06,-8.96e-06,-8.96e-06
357.9486999512,16.4102478027,32.8205032349,199.9999847412,6748.0771484375
-8.96e-06,229.7435760498,6315.1284179688,3741.5385742188,15.8974266052
32.8205032349,551.0256347656,-8.96e-06,-8.96e-06,-8.96e-06
460.5128173828,8.205119133,32.8205032349,234.8717803955,8085.5126953125
-8.96e-06,229.7435760498,6315.384765625,3741.5385742188,13.3333244324
32.8205032349,5802.3076171875,-8.96e-06,-8.96e-06,-8.96e-06
8152.6923828125,-8.96e-06,32.8205032349,101.5384521484,216.9230651855
-8.96e-06,229.7435760498,14.2307605743,3741.5385742188,18.4615287781
32.8205032349,6852.6923828125,-8.96e-06,-8.96e-06,-8.96e-06
249.230758667,-8.96e-06,32.8205032349,124.1025543213,8044.4873046875
-8.96e-06,229.7435760498,6316.2822265625,3741.5385742188,14.3589658737
32.8205032349,7377.9487304688,-8.96e-06,-8.96e-06,-8.96e-06
8154.7436523438,24.6153755188,32.8205032349,124.1025543213,5648.58984375
-8.96e-06,229.7435760498,2112.9487304688,3741.5385742188,14.3589658737
32.8205032349,4226.794921875,-8.96e-06,-8.96e-06,-8.96e-06
54.3589668274,8.205119133,32.8205032349,87.1794815063,3351.1538085938
-8.96e-06,229.7435760498,6314.2309570312,3741.5385742188,12.8205041885
32.8205032349,1601.1538085938,-8.96e-06,-8.96e-06,-8.96e-06
101.5384521484,24.6153755188,32.8205032349,60.5128097534,3753.205078125
-8.96e-06,229.7435760498,6315.1284179688,3741.5385742188,7.1794781685
32.8205032349,3176.794921875,-8.96e-06,-8.96e-06,-8.96e-06
23.5897350311,16.4102478027,32.8205032349,8396.794921875,4089.6154785156
-8.96e-06,229.7435760498,4214.2309570312,3741.5385742188,15.3846063614
32.8205032349,7378.0771484375,-8.96e-06,-8.96e-06,-8.96e-06
8353.7177734375,-8.96e-06,32.8205032349,228.7179412842,3211.6667480469
-8.96e-06,229.7435760498,6314.1025390625,3741.5385742188,11.2820425034
32.8205032349,2651.9230957031,-8.96e-06,-8.96e-06,-8.96e-06
8033.7177734375,24.6153755188,32.8205032349,327.179473877,1939.8718261719
-8.96e-06,229.7435760498,12.1794786453,3741.5385742188,11.7948627472
32.8205032349,2651.6667480469,-8.96e-06,-8.96e-06,-8.96e-06
7888.0771484375,24.6153755188,32.8205032349,111.7948608398,2489.6154785156
-8.96e-06,229.7435760498,11.9230680466,3741.5385742188,16.4102478027
32.8205032349,551.5384521484,-8.96e-06,-8.96e-06,-8.96e-06
7855.2563476562,16.4102478027,32.8205032349,185.6410217285,2653.7180175781
-8.96e-06,229.7435760498,6312.4360351562,3741.5385742188,28.2051200867
32.8205032349,2127.0512695312,-8.96e-06,-8.96e-06,-8.96e-06
8230.640625,24.6153755188,32.8205032349,156.9230651855,3203.4614257812
-8.96e-06,229.7435760498,6313.7177734375,3774.3588867188,1.0256320238
32.8205032349,5802.9487304688,-8.96e-06,-8.96e-06,-8.96e-06
8191.6665039062,24.6153755188,32.8205032349,148.7179412842,2727.5642089844
-8.96e-06,229.7435760498,4213.4614257812,3741.5385742188,30.7692222595
32.8205032349,2126.9230957031,-8.96e-06,-8.96e-06,-8.96e-06
8232.6923828125,-8.96e-06,32.8205032349,54.3589668274,2981.9230957031
-8.96e-06,229.7435760498,4213.3334960938,3774.3588867188,8.205119133
32.8205032349,552.0512695312,-8.96e-06,-8.96e-06,-8.96e-06
7506.5385742188,16.4102478027,32.8205032349,99.4871673584,2227.0512695312
-8.96e-06,229.7435760498,2110.5126953125,3774.3588867188,10.256401062
32.8205032349,3177.3076171875,-8.96e-06,-8.96e-06,-8.96e-06
7354.7436523438,24.6153755188,32.8205032349,351.7948608398,1357.3077392578
-8.96e-06,229.7435760498,10.7692222595,3774.3588867188,10.256401062
32.8205032349,7903.58984375,-8.96e-06,-8.96e-06,-8.96e-06
7486.0258789062,8.205119133,32.8205032349,306.6666564941,1915.2563476562
-8.96e-06,229.7435760498,4211.2822265625,3774.3588867188,23.0769138336
32.8205032349,5277.6923828125,-8.96e-06,-8.96e-06,-8.96e-06
7668.58984375,-8.96e-06,32.8205032349,17.4358882904,1636.2821044922
-8.96e-06,229.7435760498,2111.6667480469,3774.3588867188,19.9999904633
32.8205032349,26.9230670929,-8.96e-06,-8.96e-06,-8.96e-06
7834.7436523438,8.205119133,32.8205032349,175.3846130371,2735.7692871094
-8.96e-06,229.7435760498,11.5384521484,3774.3588867188,28.7179393768
32.8205032349,5803.4614257812,-8.96e-06,-8.96e-06,-8.96e-06
7824.4873046875,16.4102478027,32.8205032349,72.8205032349,2514.2307128906
-8.96e-06,229.7435760498,4211.6665039062,3807.1794433594,6.6666579247
32.8205032349,1077.3077392578,-8.96e-06,-8.96e-06,-8.96e-06
7611.1538085938,24.6153755188,32.8205032349,247.179473877,3351.1538085938
-8.96e-06,229.7435760498,11.9230680466,3807.1794433594,21.0256328583
32.8205032349,6853.9741210938,-8.96e-06,-8.96e-06,-8.96e-06
7609.1025390625,-8.96e-06,32.8205032349,85.1281967163,4106.0258789062
-8.96e-06,229.7435760498,4212.9487304688,3807.1794433594,22.5640945435
32.8205032349,6328.9741210938,-8.96e-06,-8.96e-06,-8.96e-06
7352.6923828125,-8.96e-06,32.8205032349,232.8205108643,4179.8715820312
-8.96e-06,229.7435760498,2113.7180175781,3807.1794433594,30.7692222595
32.8205032349,5278.9741210938,-8.96e-06,-8.96e-06,-8.96e-06
7477.8203125,6367.3076171875,32.8205032349,122.0512695312,4581.9228515625
-8.96e-06,229.7435760498,2114.3588867188,3840.0,15.8974266052
32.8205032349,3178.58984375,-8.96e-06,-8.96e-06,-8.96e-06
7326.0258789062,2748.58984375,32.8205032349,156.9230651855,5459.8715820312
-8.96e-06,229.7435760498,4214.2309570312,3840.0,24.1025543213
32.8205032349,1603.5897216797,-8.96e-06,-8.96e-06,-8.96e-06
7888.0771484375,2198.8461914062,32.8205032349,111.7948608398,6173.7177734375
-8.96e-06,229.7435760498,4216.41015625,3872.8205566406,11.2820425034
32.8205032349,553.717956543,-8.96e-06,-8.96e-06,-8.96e-06
7570.1284179688,5251.1538085938,32.8205032349,156.9230651855,6263.9741210938
-8.96e-06,229.7435760498,2115.2563476562,3872.8205566406,2.0512731075
32.8205032349,4229.7436523438,-8.96e-06,-8.96e-06,-8.96e-06
7440.8974609375,6383.7177734375,32.8205032349,210.2564086914,6871.1538085938
-8.96e-06,229.7435760498,4216.794921875,3872.8205566406,13.3333244324
32.8205032349,4230.0,-8.96e-06,-8.96e-06,-8.96e-06
7637.8203125,6383.7177734375,32.8205032349,72.8205032349,7100.8974609375
-8.96e-06,229.7435760498,2115.8974609375,3872.8205566406,23.0769138336
32.8205032349,6330.6411132812,-8.96e-06,-8.96e-06,-8.96e-06
7471.6665039062,6367.3076171875,32.8205032349,156.9230651855,8036.2822265625
-8.96e-06,229.7435760498,6317.6923828125,3905.6411132812,5.1281962395
32.8205032349,554.4871826172,-8.96e-06,-8.96e-06,-8.96e-06
7966.0258789062,6375.5126953125,32.8205032349,72.8205032349,6969.615234375
-8.96e-06,229.7435760498,4219.1025390625,3938.4614257812,0.5128115416
32.8205032349,6856.2822265625,-8.96e-06,-8.96e-06,-8.96e-06
7998.8461914062,6367.3076171875,32.8205032349,212.3076782227,7486.5385742188
-8.96e-06,229.7435760498,6320.384765625,3938.4614257812,6.6666579247
32.8205032349,5806.5385742188,-8.96e-06,-8.96e-06,-8.96e-06
7711.6665039062,6383.7177734375,32.8205032349,185.6410217285,8101.9228515625
-8.96e-06,229.7435760498,18.3333244324,3938.4614257812,5.1281962395
32.8205032349,7381.6665039062,-8.96e-06,-8.96e-06,-8.96e-06
7693.205078125,6383.7177734375,32.8205032349,142.5640869141,1849.7435302734
-8.96e-06,229.7435760498,6321.0258789062,3938.4614257812,21.5384521484
32.8205032349,7907.0512695312,-8.96e-06,-8.96e-06,-8.96e-06
7586.5385742188,6375.5126953125,32.8205032349,403.0769042969,3023.0769042969
-8.96e-06,229.7435760498,18.9743499756,3938.4614257812,17.9487094879
32.8205032349,3706.0256347656,-8.96e-06,-8.96e-06,-8.96e-06
7426.5385742188,6375.5126953125,32.8205032349,238.9743499756,2752.3076171875
-8.96e-06,229.7435760498,19.7435798645,3971.2819824219,9.2307605743
32.8205032349,7907.4360351562,-8.96e-06,-8.96e-06,-8.96e-06
7580.384765625,6383.7177734375,32.8205032349,241.0256347656,3055.8974609375
-8.96e-06,229.7435760498,6322.3076171875,3971.2819824219,19.9999904633
32.8205032349,1081.0256347656,-8.96e-06,-8.96e-06,-8.96e-06
7475.7690429688,6383.7177734375,32.8205032349,99.4871673584,2522.5642089844
-8.96e-06,229.7435760498,20.5128116608,3971.2819824219,11.2820425034
32.8205032349,7907.4360351562,-8.96e-06,-8.96e-06,-8.96e-06
7453.205078125,6375.5126953125,32.8205032349,8382.435546875,1898.9743652344
-8.96e-06,229.7435760498,4222.8203125,4004.1025390625,4.6153755188
32.8205032349,2131.5385742188,-8.96e-06,-8.96e-06,-8.96e-06
7643.974609375,6367.3076171875,32.8205032349,409.2307739258,4385.1284179688
-8.96e-06,229.7435760498,4223.7177734375,4004.1025390625,13.8461446762
32.8205032349,6857.8203125,-8.96e-06,-8.96e-06,-8.96e-06
7814.2309570312,6391.9228515625,32.8205032349,107.6922988892,3860.0
-8.96e-06,229.7435760498,4222.4360351562,4004.1025390625,21.0256328583
32.8205032349,5282.1796875,-8.96e-06,-8.96e-06,-8.96e-06
7323.974609375,6367.3076171875,32.8205032349,312.8204956055,3679.4870605469
-8.96e-06,229.7435760498,2121.6667480469,4004.1025390625,30.256401062
32.8205032349,30.8974266052,-8.96e-06,-8.96e-06,-8.96e-06
7346.5385742188,6367.3076171875,32.8205032349,52.3076820374,4762.5639648438
-8.96e-06,229.7435760498,18.9743499756,4004.1025390625,16.9230670929
32.8205032349,555.6409912109,-8.96e-06,-8.96e-06,-8.96e-06
6977.3076171875,6383.7177734375,32.8205032349,13.3333244324,4483.58984375
-8.96e-06,229.7435760498,6320.5126953125,4004.1025390625,25.1281967163
32.8205032349,3181.41015625,-8.96e-06,-8.96e-06,-8.96e-06
7315.7690429688,6367.3076171875,32.8205032349,161.0256347656,6411.794921875
-8.96e-06,229.7435760498,2120.1281738281,4036.9230957031,5.6410164833
32.8205032349,4756.9228515625,-8.96e-06,-8.96e-06,-8.96e-06
7243.974609375,6375.5126953125,32.8205032349,366.1538391113,7240.5126953125
-8.96e-06,229.7435760498,2121.1538085938,4036.9230957031,14.8717861176
32.8205032349,5807.3076171875,-8.96e-06,-8.96e-06,-8.96e-06
7157.8203125,6391.9228515625,32.8205032349,218.4615325928,6879.4873046875
-8.96e-06,229.7435760498,2121.0256347656,4036.9230957031,27.1794776917
32.8205032349,7907.6923828125,-8.96e-06,-8.96e-06,-8.96e-06
7295.2563476562,6391.9228515625,32.8205032349,78.9743499756,8184.1025390625
-8.96e-06,229.7435760498,2120.7692871094,4069.7436523438,0.5128115416
32.8205032349,556.1538085938,-8.96e-06,-8.96e-06,-8.96e-06
7067.5639648438,6367.3076171875,32.8205032349,179.4871673584,8307.1796875
-8.96e-06,229.7435760498,6321.9228515625,4069.7436523438,13.3333244324
32.8205032349,4232.0512695312,-8.96e-06,-8.96e-06,-8.96e-06
7354.7436523438,6383.7177734375,32.8205032349,8384.4873046875,692.9487304688
-8.96e-06,229.7435760498,4222.3076171875,4069.7436523438,25.6410160065
32.8205032349,1606.5384521484,-8.96e-06,-8.96e-06,-8.96e-06
7272.6923828125,6391.9228515625,32.8205032349,8361.9228515625,200.6410217285
-8.96e-06,229.7435760498,6322.5639648438,4069.7436523438,28.2051200867
32.8205032349,5807.1796875,-8.96e-06,-8.96e-06,-8.96e-06
7235.7690429688,6375.5126953125,32.8205032349,8394.7431640625,7429.2309570312
-8.96e-06,229.7435760498,2122.0512695312,4102.5639648438,20.5128116608
32.8205032349,31.153837204,-8.96e-06,-8.96e-06,-8.96e-06
7047.0512695312,6383.7177734375,32.8205032349,83.0769119263,1480.6409912109
-8.96e-06,229.7435760498,2122.1794433594,4102.5639648438,23.0769138336
32.8205032349,1081.5384521484,-8.96e-06,-8.96e-06,-8.96e-06
7020.384765625,6391.9228515625,32.8205032349,318.9743652344,1390.3846435547
-8.96e-06,229.7435760498,2123.3332519531,4135.384765625,3.076914072
32.8205032349,5282.6923828125,-8.96e-06,-8.96e-06,-8.96e-06
6825.5126953125,6375.5126953125,32.8205032349,44.1025543213,2539.1025390625
-8.96e-06,229.7435760498,2124.6154785156,4135.384765625,1.5384526253
32.8205032349,5282.8203125,-8.96e-06,-8.96e-06,-8.96e-06
7047.0512695312,6375.5126953125,32.8205032349,83.0769119263,2662.1794433594
-8.96e-06,229.7435760498,6326.0258789062,4135.384765625,18.9743499756
32.8205032349,6858.7177734375,-8.96e-06,-8.96e-06,-8.96e-06
7241.9228515625,1460.3846435547,32.8205032349,206.1538391113,2514.4870605469
-8.96e-06,229.7435760498,2125.2563476562,4135.384765625,21.5384521484
32.8205032349,5283.3334960938,-8.96e-06,-8.96e-06,-8.96e-06
7317.8203125,2010.1281738281,32.8205032349,33.8461456299,4984.2309570312
-8.96e-06,229.7435760498,2126.1538085938,4168.205078125,5.6410164833
32.8205032349,3708.205078125,-8.96e-06,-8.96e-06,-8.96e-06
7377.3076171875,5497.3076171875,32.8205032349,81.0256347656,5730.8974609375
-8.96e-06,229.7435760498,2126.41015625,4168.205078125,18.9743499756
32.8205032349,3708.205078125,-8.96e-06,-8.96e-06,-8.96e-06
7305.5126953125,6375.5126953125,32.8205032349,8355.76953125,6338.0771484375
-8.96e-06,229.7435760498,6328.4614257812,4168.205078125,23.0769138336
32.8205032349,2658.0769042969,-8.96e-06,-8.96e-06,-8.96e-06
7100.384765625,6367.3076171875,32.8205032349,257.4358825684,7601.6665039062
-8.96e-06,229.7435760498,2129.3588867188,4201.0258789062,-8.96e-06
65.6410140991,5776.41015625,-8.96e-06,-8.96e-06,-8.96e-06
6809.1025390625,6367.3076171875,32.8205032349,78.9743499756,6239.615234375
-8.96e-06,229.7435760498,4229.7436523438,4168.205078125,30.7692222595
32.8205032349,4233.7177734375,-8.96e-06,-8.96e-06,-8.96e-06
6950.6411132812,6383.7177734375,32.8205032349,193.8461456299,7634.4873046875
-8.96e-06,229.7435760498,4230.8974609375,4201.0258789062,15.8974266052
65.6410140991,6826.9228515625,-8.96e-06,-8.96e-06,-8.96e-06
6965.0,24.6153755188,32.8205032349,91.282043457,7437.5639648438
-8.96e-06,229.7435760498,6331.1538085938,4201.0258789062,3.5897345543
65.6410140991,1575.5128173828,-8.96e-06,-8.96e-06,-8.96e-06
7196.794921875,24.6153755188,32.8205032349,202.0512695312,7437.5639648438
-8.96e-06,229.7435760498,29.7435798645,4201.0258789062,19.9999904633
65.6410140991,525.2564086914,-8.96e-06,-8.96e-06,-8.96e-06
7237.8203125,8.205119133,32.8205032349,64.6153793335,1423.3333740234
-8.96e-06,229.7435760498,30.7692222595,4233.8461914062,15.8974266052
65.6410140991,7352.1796875,-8.96e-06,-8.96e-06,-8.96e-06
7520.8974609375,8.205119133,32.8205032349,349.7435913086,1612.0512695312
-8.96e-06,229.7435760498,30.5128116608,4201.0258789062,25.1281967163
65.6410140991,1050.6409912109,-8.96e-06,-8.96e-06,-8.96e-06
7198.8461914062,-8.96e-06,32.8205032349,333.3333129883,2883.8461914062
-8.96e-06,229.7435760498,2131.5385742188,4233.8461914062,12.8205041885
65.6410140991,4726.794921875,-8.96e-06,-8.96e-06,-8.96e-06
7336.2822265625,-8.96e-06,32.8205032349,64.6153793335,2998.7180175781
-8.96e-06,229.7435760498,6333.3334960938,4233.8461914062,11.7948627472
65.6410140991,4726.5385742188,-8.96e-06,-8.96e-06,-8.96e-06
7157.8203125,16.4102478027,32.8205032349,232.8205108643,4352.5639648438
-8.96e-06,229.7435760498,2131.1538085938,4233.8461914062,18.9743499756
65.6410140991,4726.5385742188,-8.96e-06,-8.96e-06,-8.96e-06
7352.6923828125,24.6153755188,32.8205032349,8380.384765625,3335.1281738281
-8.96e-06,229.7435760498,31.153837204,4233.8461914062,20.5128116608
65.6410140991,7352.1796875,-8.96e-06,-8.96e-06,-8.96e-06
7186.5385742188,8.205119133,32.8205032349,165.1281890869,6010.0
-8.96e-06,262.5640869141,4201.9228515625,4233.8461914062,24.1025543213
65.6410140991,2102.0512695312,-8.96e-06,-8.96e-06,-8.96e-06
7278.8461914062,24.6153755188,32.8205032349,8382.435546875,6100.2563476562
-8.96e-06,262.5640869141,6306.0258789062,4233.8461914062,23.0769138336
65.6410140991,527.5640869141,-8.96e-06,-8.96e-06,-8.96e-06
7719.8715820312,24.6153755188,32.8205032349,8357.8203125,553.717956543
-8.96e-06,262.5640869141,6307.5639648438,4266.6665039062,15.3846063614
65.6410140991,3153.8461914062,-8.96e-06,-8.96e-06,-8.96e-06
7301.41015625,16.4102478027,32.8205032349,171.282043457,8323.845703125
-8.96e-06,262.5640869141,6308.205078125,4233.8461914062,29.2307605743
65.6410140991,3.205119133,-8.96e-06,-8.96e-06,-8.96e-06
7631.6665039062,16.4102478027,32.8205032349,179.4871673584,2235.7692871094
-8.96e-06,262.5640869141,2106.794921875,4233.8461914062,31.7948627472
65.6410140991,528.2051391602,-8.96e-06,-8.96e-06,-8.96e-06
7490.1284179688,24.6153755188,32.8205032349,257.4358825684,3212.1794433594
-8.96e-06,262.5640869141,6.153837204,4266.6665039062,8.7179393768
65.6410140991,7354.615234375,-8.96e-06,-8.96e-06,-8.96e-06
7680.8974609375,8.205119133,32.8205032349,316.9230651855,3901.41015625
-8.96e-06,262.5640869141,4205.384765625,4266.6665039062,1.0256320238
65.6410140991,5253.8461914062,-8.96e-06,-8.96e-06,-8.96e-06
7527.0512695312,8.205119133,32.8205032349,433.8461608887,3794.7436523438
-8.96e-06,262.5640869141,6307.1796875,4266.6665039062,22.5640945435
65.6410140991,4728.7177734375,-8.96e-06,-8.96e-06,-8.96e-06
7693.205078125,24.6153755188,32.8205032349,64.6153793335,4615.2563476562
-8.96e-06,262.5640869141,6306.0258789062,4266.6665039062,14.3589658737
65.6410140991,5253.7177734375,-8.96e-06,-8.96e-06,-8.96e-06
7732.1796875,-8.96e-06,32.8205032349,97.4358901978,5493.205078125
-8.96e-06,262.5640869141,4205.7690429688,4266.6665039062,26.153837204
65.6410140991,5253.4614257812,-8.96e-06,-8.96e-06,-8.96e-06
7490.1284179688,24.6153755188,32.8205032349,173.3333282471,4590.6411132812
-8.96e-06,262.5640869141,4205.6411132812,4266.6665039062,18.9743499756
65.6410140991,4728.3334960938,-8.96e-06,-8.96e-06,-8.96e-06
7654.2309570312,-8.96e-06,32.8205032349,27.6922988892,5821.41015625
-8.96e-06,262.5640869141,6306.0258789062,4299.4873046875,2.0512731075
65.6410140991,5253.3334960938,-8.96e-06,-8.96e-06,-8.96e-06
7717.8203125,-8.96e-06,32.8205032349,185.6410217285,5173.205078125
-8.96e-06,262.5640869141,4206.0258789062,4266.6665039062,29.7435798645
65.6410140991,7353.7177734375,-8.96e-06,-8.96e-06,-8.96e-06
7422.4360351562,24.6153755188,32.8205032349,146.6666564941,6477.8203125
-8.96e-06,262.5640869141,6306.1538085938,4266.6665039062,17.9487094879
65.6410140991,5253.58984375,-8.96e-06,-8.96e-06,-8.96e-06
7385.5126953125,8.205119133,32.8205032349,167.179473877,5665.5126953125
-8.96e-06,262.5640869141,6306.1538085938,4266.6665039062,21.5384521484
65.6410140991,2.0512731075,-8.96e-06,-8.96e-06,-8.96e-06
7385.5126953125,-8.96e-06,32.8205032349,136.4102478027,5501.41015625
-8.96e-06,262.5640869141,4205.7690429688,4266.6665039062,32.3076820374
65.6410140991,5253.0771484375,-8.96e-06,-8.96e-06,-8.96e-06
7557.8203125,6391.9228515625,32.8205032349,119.9999923706,6707.5639648438
-8.96e-06,262.5640869141,4205.6411132812,4299.4873046875,6.153837204
65.6410140991,3152.9487304688,-8.96e-06,-8.96e-06,-8.96e-06
7387.5639648438,574.2307739258,32.8205032349,124.1025543213,5041.9228515625
-8.96e-06,262.5640869141,6305.5126953125,4266.6665039062,26.153837204
65.6410140991,2627.4357910156,-8.96e-06,-8.96e-06,-8.96e-06
7436.794921875,2001.9230957031,32.8205032349,171.282043457,6018.3334960938
-8.96e-06,262.5640869141,6305.6411132812,4299.4873046875,12.307682991
